ts_code,trade_date,open,high,low,close,change,pct_change,vol
1231,20220822,28.15,28.15,28.15,28.15,2.5599999999999987,10.003907776475174,134029.0
1231,20220823,30.97,30.97,30.97,30.97,2.8200000000000003,10.01776198934281,142050.0
1231,20220824,34.07,34.07,28.06,32.97,2.0,6.457862447529861,16829799.0
1231,20220825,29.75,31.3,29.67,29.67,-3.299999999999997,-10.0090991810737,9269042.0
1231,20220826,27.05,31.0,26.7,28.77,-0.9000000000000021,-3.0333670374115385,11182329.0
1231,20220829,27.09,27.66,26.3,26.34,-2.4299999999999997,-8.446298227320126,6933496.0
1231,20220830,25.7,26.86,25.6,25.75,-0.5899999999999999,-2.239939255884582,5881427.0
1231,20220831,25.63,25.65,24.01,24.03,-1.7199999999999989,-6.679611650485429,5992442.0
1231,20220901,23.86,24.76,23.82,24.16,0.129999999999999,0.540990428630872,4245069.0
1231,20220902,24.2,26.58,24.2,26.58,2.419999999999998,10.01655629139071,7094107.0
1231,20220905,27.0,27.23,25.7,25.9,-0.6799999999999997,-2.558314522197136,9577523.0
1231,20220906,25.6,27.17,25.55,26.68,0.7800000000000011,3.011583011583019,7752674.0
1231,20220907,26.26,27.08,25.66,25.85,-0.8299999999999983,-3.110944527736126,5219275.0
1231,20220908,25.57,25.57,24.6,24.65,-1.2000000000000028,-4.642166344294019,4163719.0
1231,20220909,24.84,24.84,24.17,24.52,-0.129999999999999,-0.5273833671399553,2791918.0
1231,20220913,24.56,25.45,24.41,25.19,0.6700000000000017,2.732463295269172,3967852.0
1231,20220914,24.77,27.71,24.71,26.71,1.5199999999999996,6.034140531957122,9431090.0
1231,20220915,26.25,26.88,25.18,25.44,-1.2699999999999996,-4.754773493073749,6948745.0
1231,20220916,24.7,25.43,24.48,24.69,-0.75,-2.948113207547165,3631358.0
1231,20220919,24.25,24.4,22.58,23.01,-1.6799999999999995,-6.804374240583233,5179206.0
1231,20220920,23.02,24.3,23.02,23.92,0.91,3.9548022598870025,4175683.0
1231,20220921,23.4,26.1,23.4,25.24,1.3199999999999967,5.518394648829417,6456111.0
1231,20220922,24.81,27.76,24.8,26.59,1.3500000000000014,5.348652931854203,8195788.0
1231,20220923,26.62,27.02,25.35,25.65,-0.9400000000000012,-3.535163595336599,5129363.0
1231,20220926,25.39,26.11,24.49,25.0,-0.6499999999999986,-2.534113060428844,3297621.0
1231,20220927,24.77,25.4,23.98,24.7,-0.3000000000000007,-1.200000000000001,4519654.0
1231,20220928,24.45,24.97,23.6,23.78,-0.9199999999999982,-3.724696356275292,3563052.0
1231,20220929,24.0,24.91,23.63,24.65,0.8699999999999974,3.6585365853658343,3987029.0
1231,20220930,24.49,24.49,22.52,22.62,-2.0299999999999976,-8.23529411764705,4861700.0
1231,20221010,22.68,23.18,21.91,22.2,-0.4200000000000017,-1.8567639257294544,2931705.0
1231,20221011,22.24,22.75,21.6,22.71,0.5100000000000016,2.297297297297307,2632568.0
1231,20221012,22.6,22.94,22.26,22.85,0.1400000000000005,0.6164685160722216,2236811.0
1231,20221013,22.7,23.67,22.6,23.22,0.3699999999999974,1.619256017505455,2910931.0
1231,20221014,23.26,25.54,23.21,25.54,2.3200000000000003,9.991386735572782,4740233.0
1231,20221017,25.54,27.57,25.54,25.96,0.4200000000000017,1.6444792482380732,9767509.0
1231,20221018,25.7,26.4,25.21,25.71,-0.25,-0.9630200308166414,5967361.0
1231,20221019,25.62,25.62,24.56,24.99,-0.7200000000000024,-2.8004667444574194,3564133.0
1231,20221020,24.94,27.49,24.66,27.49,2.5,10.004001600640256,7857898.0
1231,20221021,27.0,30.24,26.35,28.9,1.41,5.129137868315747,16229993.0
1231,20221024,27.98,27.99,26.01,26.01,-2.889999999999997,-9.999999999999986,7710433.0
1231,20221025,24.41,28.61,23.41,28.61,2.599999999999998,9.996155324875032,13890636.0
1231,20221026,28.72,30.3,26.5,27.35,-1.259999999999998,-4.404054526389367,15896494.0
1231,20221027,26.0,26.55,25.0,25.6,-1.75,-6.39853747714808,10140833.0
1231,20221028,25.01,25.53,24.25,24.32,-1.2800000000000011,-5.000000000000004,6959246.0
1231,20221031,24.6,25.03,23.7,25.01,0.6900000000000013,2.837171052631593,6159800.0
1231,20221101,24.5,25.65,24.4,25.47,0.4599999999999973,1.8392642942822723,6129146.0
1231,20221102,25.22,26.58,25.17,25.78,0.3100000000000023,1.2171181782489215,6824915.0
1231,20221103,25.79,27.09,25.47,26.54,0.759999999999998,2.948021722265315,8962362.0
1231,20221104,26.1,26.96,25.83,26.41,-0.129999999999999,-0.4898266767143888,7190323.0
1231,20221107,26.2,26.65,26.04,26.12,-0.2899999999999991,-1.0980689132904176,5042363.0
1231,20221108,26.18,26.21,25.47,26.17,0.0500000000000007,0.191424196018386,4303863.0
1231,20221109,25.91,27.23,25.76,27.22,1.0499999999999972,4.012227741688945,7783338.0
1231,20221110,27.18,27.18,26.41,26.48,-0.7399999999999984,-2.7185892725936744,5579949.0
1231,20221111,26.52,26.99,25.83,26.21,-0.2699999999999996,-1.0196374622356452,4728802.0
1231,20221114,26.0,26.15,24.61,24.94,-1.2699999999999996,-4.845478824876004,5127177.0
1231,20221115,24.95,25.27,24.68,25.24,0.2999999999999971,1.202886928628688,3186427.0
1231,20221116,25.06,25.18,24.71,24.95,-0.2899999999999991,-1.1489698890649769,2761119.0
1231,20221117,24.8,25.05,24.43,25.05,0.1000000000000014,0.4008016032064132,2280169.0
1231,20221118,25.04,25.04,24.07,24.07,-0.9800000000000004,-3.9121756487025983,3326874.0
1231,20221121,24.02,24.45,23.68,24.32,0.25,1.0386373078520972,1939673.0
1231,20221122,24.13,24.47,23.68,23.74,-0.5800000000000018,-2.384868421052644,2112110.0
1231,20221123,23.71,23.96,23.51,23.83,0.0899999999999998,0.3791069924178547,1504157.0
1231,20221124,23.83,24.41,23.83,24.35,0.5200000000000031,2.18212337389847,2257008.0
1231,20221125,24.25,24.3,23.55,23.55,-0.8000000000000007,-3.285420944558526,2374215.0
1231,20221128,23.2,23.49,23.12,23.37,-0.1799999999999997,-0.7643312101910826,1266931.0
1231,20221129,23.37,23.72,23.37,23.66,0.2899999999999991,1.2409071459135612,1229107.0
1231,20221130,23.67,24.25,23.56,24.03,0.370000000000001,1.5638207945900318,2027754.0
1231,20221201,24.04,24.25,23.88,24.07,0.0399999999999991,0.1664585934248785,1689102.0
1231,20221202,24.1,24.27,24.02,24.27,0.1999999999999993,0.8309098462816689,1662706.0
1231,20221205,24.26,26.0,24.13,24.89,0.620000000000001,2.5545941491553315,4234271.0
1231,20221206,24.65,26.69,24.65,25.62,0.7300000000000004,2.9329047810365605,5843898.0
1231,20221207,25.15,25.38,24.72,24.92,-0.6999999999999993,-2.732240437158462,3934119.0
1231,20221208,24.73,25.07,24.37,24.75,-0.1700000000000017,-0.6821829855537809,2516205.0
1231,20221209,24.64,24.8,24.16,24.29,-0.4600000000000008,-1.8585858585858597,2456304.0
1231,20221212,24.05,24.49,23.88,24.11,-0.1799999999999997,-0.7410456978180324,1399177.0
1231,20221213,24.11,24.3,23.9,23.98,-0.129999999999999,-0.5391953546246331,1484893.0
1231,20221214,23.9,23.98,23.52,23.62,-0.3599999999999994,-1.5012510425354453,1716790.0
1231,20221215,23.61,24.58,23.4,24.19,0.5700000000000003,2.4132091447925497,2189319.0
1231,20221216,24.02,24.02,23.63,23.69,-0.5,-2.066969822240594,1508042.0
1231,20221219,23.56,23.77,22.88,23.05,-0.6400000000000006,-2.701561840439004,1588761.0
1231,20221220,23.08,23.36,23.05,23.27,0.2199999999999988,0.9544468546637708,766224.0
1231,20221221,23.34,23.39,22.68,22.79,-0.4800000000000004,-2.0627417275462023,1069723.0
1231,20221222,22.86,23.02,22.24,22.28,-0.509999999999998,-2.237823606845102,1213836.0
1231,20221223,22.21,22.47,22.02,22.3,0.0199999999999995,0.0897666068222502,958143.0
1231,20221226,22.47,23.12,22.47,22.84,0.5399999999999991,2.4215246636771326,976304.0
1231,20221227,22.71,23.54,22.6,23.42,0.5800000000000018,2.539404553415059,1841883.0
1231,20221228,23.2,23.33,22.7,22.86,-0.5600000000000023,-2.3911187019641456,1349623.0
1231,20221229,22.6,23.58,22.6,22.9,0.0399999999999991,0.1749781277340378,1315982.0
1231,20221230,22.9,22.95,22.51,22.64,-0.259999999999998,-1.1353711790392906,1068348.0
1231,20230103,22.49,23.13,22.41,23.06,0.4199999999999981,1.855123674911652,1170133.0
1231,20230104,23.11,23.18,22.83,22.96,-0.0999999999999978,-0.4336513443191636,960476.0
1231,20230105,23.11,23.23,22.86,23.14,0.1799999999999997,0.7839721254355281,887493.0
1231,20230106,23.14,23.33,23.01,23.17,0.0300000000000011,0.1296456352636088,1069809.0
1231,20230109,23.3,23.4,23.07,23.28,0.1099999999999994,0.4747518342684387,835700.0
1231,20230110,23.28,23.3,22.88,22.97,-0.3100000000000023,-1.3316151202749205,740955.0
1231,20230111,22.91,23.04,22.46,22.56,-0.4100000000000001,-1.784936874183718,1178543.0
1231,20230112,22.48,22.65,22.3,22.38,-0.1799999999999997,-0.7978723404255317,723955.0
1231,20230113,22.55,22.64,22.39,22.57,0.1900000000000012,0.8489722966934732,547531.0
1231,20230116,22.62,22.87,22.62,22.85,0.2800000000000011,1.2405848471422232,888192.0
1231,20230117,22.75,22.96,22.75,22.83,-0.0200000000000031,-0.0875273522976116,733128.0
1231,20230118,22.83,23.14,22.75,22.92,0.0900000000000034,0.3942181340341744,676400.0
1231,20230119,22.92,23.15,22.86,23.11,0.1899999999999977,0.8289703315881303,912307.0
1231,20230120,23.25,23.36,23.12,23.3,0.1900000000000012,0.8221549112938265,1253538.0
1231,20230130,23.4,23.6,23.37,23.55,0.25,1.0729613733905683,1568971.0
1231,20230131,23.43,23.69,23.4,23.64,0.0899999999999998,0.3821656050955413,1305055.0
1231,20230201,23.65,23.94,23.55,23.93,0.2899999999999991,1.2267343485617532,1596420.0
1231,20230202,23.92,23.98,23.67,23.8,-0.129999999999999,-0.54325114918512,1388437.0
1231,20230203,23.83,24.34,23.7,24.16,0.3599999999999994,1.5126050420168011,2750974.0
1231,20230206,24.0,24.05,23.6,23.82,-0.3399999999999998,-1.407284768211925,1717911.0
1231,20230207,24.29,24.86,24.03,24.07,0.25,1.049538203190603,2982641.0
1231,20230208,24.0,24.32,23.83,23.83,-0.240000000000002,-0.9970918155380204,1857827.0
1231,20230209,24.03,24.34,23.83,24.28,0.4500000000000028,1.888375996642888,2204368.0
1231,20230210,24.6,25.49,24.24,24.82,0.5399999999999991,2.224052718286651,4895874.0
1231,20230213,24.61,25.1,24.58,24.67,-0.1499999999999985,-0.6043513295729164,3004705.0
1231,20230214,24.89,25.0,24.36,24.55,-0.120000000000001,-0.486420753952177,2443741.0
1231,20230215,24.56,24.58,24.22,24.27,-0.2800000000000011,-1.140529531568235,1638777.0
1231,20230216,24.35,24.35,23.29,23.49,-0.7800000000000011,-3.213844252163167,2244120.0
1231,20230217,23.5,23.84,23.5,23.64,0.1500000000000021,0.6385696040868583,1364141.0
1231,20230220,23.65,23.87,23.43,23.84,0.1999999999999993,0.8460236886632888,1006302.0
1231,20230221,23.84,24.04,23.73,23.94,0.1000000000000014,0.4194630872483174,1099224.0
1231,20230222,23.88,23.98,23.74,23.97,0.0299999999999975,0.1253132832080172,767955.0
1231,20230223,24.05,24.12,23.8,23.98,0.0100000000000015,0.0417188151856651,941319.0
1231,20230224,24.0,24.54,23.67,24.29,0.3099999999999987,1.2927439532944174,1871700.0
1231,20230227,24.0,24.5,24.0,24.33,0.0399999999999991,0.1646768217373306,1493443.0
1231,20230228,24.31,24.35,23.93,24.23,-0.0999999999999978,-0.4110152075626705,1189940.0
1231,20230301,24.16,24.16,23.95,24.14,-0.0899999999999998,-0.3714403631861374,1010600.0
1231,20230302,24.13,24.2,23.85,23.86,-0.2800000000000011,-1.1599005799502904,893100.0
1231,20230303,23.85,23.95,23.63,23.75,-0.1099999999999994,-0.4610226320201138,1012280.0
1231,20230306,23.85,23.99,23.68,23.97,0.2199999999999988,0.9263157894736862,934288.0
1231,20230307,23.87,24.0,23.4,23.4,-0.5700000000000003,-2.377972465581979,1081265.0
1231,20230308,23.38,23.58,23.22,23.56,0.1600000000000001,0.6837606837606813,706356.0
1231,20230309,23.63,23.67,23.42,23.61,0.0500000000000007,0.2122241086587539,591700.0
1231,20230310,23.58,23.58,23.17,23.21,-0.3999999999999986,-1.6941973739940663,698432.0
1231,20230313,23.11,23.4,22.88,23.12,-0.0899999999999998,-0.3877638948728945,676627.0
1231,20230314,23.1,23.1,22.55,22.71,-0.4100000000000001,-1.7733564013840852,1024200.0
1231,20230315,22.72,23.07,22.72,22.96,0.25,1.1008366358432389,672500.0
1231,20230316,22.96,23.38,22.65,22.65,-0.3100000000000023,-1.3501742160278885,1041241.0
1231,20230317,22.72,22.96,22.72,22.78,0.1300000000000025,0.5739514348785946,668110.0
1231,20230320,22.78,22.93,22.57,22.6,-0.1799999999999997,-0.7901668129938533,650139.0
1231,20230321,22.55,22.97,22.55,22.95,0.3499999999999978,1.5486725663716785,663016.0
1231,20230322,22.97,23.16,22.9,23.05,0.1000000000000014,0.4357298474945592,641787.0
1231,20230323,23.0,23.12,22.9,22.97,-0.0800000000000018,-0.3470715835141025,511409.0
1231,20230324,23.09,23.11,22.81,22.83,-0.1400000000000005,-0.6094906399651712,544110.0
1231,20230327,23.01,23.01,22.61,22.76,-0.0699999999999967,-0.3066141042487813,539976.0
1231,20230328,22.6,22.8,22.54,22.69,-0.0700000000000002,-0.3075571177504455,546299.0
1231,20230329,22.69,22.75,22.25,22.28,-0.4100000000000001,-1.8069634200088112,807889.0
1231,20230330,22.35,22.35,21.98,22.24,-0.0400000000000027,-0.1795332136445337,641300.0
1231,20230331,22.23,22.52,22.14,22.41,0.1700000000000017,0.7643884892086339,489000.0
1231,20230403,22.4,22.54,22.2,22.54,0.129999999999999,0.5800981704596087,555566.0
1231,20230404,22.5,22.54,22.1,22.26,-0.2799999999999976,-1.2422360248447115,667888.0
1231,20230406,22.25,22.38,22.03,22.33,0.0699999999999967,0.3144654088050203,438382.0
1231,20230407,22.43,22.48,22.23,22.45,0.120000000000001,0.5373936408419322,523643.0
1231,20230410,22.39,22.53,22.06,22.13,-0.3200000000000003,-1.4253897550111416,581752.0
1231,20230411,22.13,22.24,22.02,22.21,0.0800000000000018,0.3615002259376387,408788.0
1231,20230412,22.15,22.4,22.15,22.25,0.0399999999999991,0.1800990544799541,379625.0
1231,20230413,22.21,22.41,22.16,22.2,-0.0500000000000007,-0.2247191011235938,471688.0
1231,20230414,22.23,22.37,22.16,22.31,0.1099999999999994,0.4954954954955015,467567.0
1231,20230417,22.3,22.45,22.27,22.42,0.1100000000000029,0.493052442850761,623428.0
1231,20230418,22.5,22.5,22.25,22.36,-0.0600000000000022,-0.2676181980374781,349166.0
1231,20230419,22.35,22.35,21.98,21.99,-0.370000000000001,-1.6547406082289884,600184.0
1231,20230420,22.08,22.08,21.4,21.47,-0.5199999999999996,-2.364711232378347,769149.0
1231,20230421,21.41,21.52,20.7,21.04,-0.4299999999999997,-2.002794597112245,796258.0
1231,20230424,21.06,21.46,20.73,21.08,0.0399999999999991,0.1901140684410496,330900.0
1231,20230425,21.08,21.18,20.14,20.31,-0.7699999999999996,-3.6527514231499025,483210.0
1231,20230426,20.15,20.54,20.15,20.45,0.1400000000000005,0.6893156080748364,431800.0
1231,20230427,20.45,20.65,20.3,20.63,0.1799999999999997,0.8801955990219934,384143.0
1231,20230428,20.6,20.87,20.4,20.86,0.2300000000000004,1.114881240911303,572288.0
1231,20230504,20.72,21.34,20.67,21.27,0.4100000000000001,1.9654841802492884,623274.0
1231,20230505,21.22,21.48,20.91,21.02,-0.25,-1.1753643629525137,310988.0
1231,20230508,21.0,21.23,20.84,20.91,-0.1099999999999994,-0.5233111322549888,366900.0
1231,20230509,20.88,20.88,20.5,20.6,-0.3099999999999987,-1.482544237207073,524298.0
1231,20230510,20.58,20.84,20.36,20.72,0.1199999999999974,0.5825242718446422,284188.0
1231,20230511,20.69,20.99,20.69,20.96,0.240000000000002,1.1583011583011782,331276.0
1231,20230512,20.96,21.13,20.81,20.97,0.009999999999998,0.0477099236641187,303114.0
1231,20230515,20.97,21.06,20.78,21.02,0.0500000000000007,0.2384358607534498,402628.0
1231,20230516,20.96,21.03,20.82,20.9,-0.120000000000001,-0.570884871550914,240658.0
1231,20230517,20.9,21.24,20.8,21.13,0.2300000000000004,1.1004784688995128,503043.0
1231,20230518,21.1,21.25,21.0,21.22,0.0899999999999998,0.4259346900141958,369104.0
1231,20230519,21.26,21.49,21.12,21.4,0.1799999999999997,0.8482563619227168,434072.0
1231,20230522,21.42,21.87,21.35,21.69,0.2900000000000027,1.355140186915893,964046.0
1231,20230523,21.67,21.67,21.4,21.45,-0.240000000000002,-1.1065006915629394,376010.0
1231,20230524,21.38,21.6,21.27,21.42,-0.0299999999999975,-0.1398601398601262,628788.0
1231,20230525,21.49,21.73,21.45,21.66,0.2399999999999984,1.1204481792717047,631010.0
1231,20230526,21.66,22.75,21.53,22.59,0.9299999999999996,4.293628808864258,2914186.0
1231,20230529,22.59,23.29,22.22,23.12,0.5300000000000011,2.346170872067299,3579727.0
1231,20230530,22.99,23.27,22.52,22.86,-0.2600000000000015,-1.1245674740484546,2106261.0
1231,20230531,22.69,22.99,22.24,22.35,-0.509999999999998,-2.230971128608916,1899260.0
1231,20230601,22.72,22.72,21.45,21.78,-0.5700000000000003,-2.550335570469797,1679923.0
1231,20230602,21.56,21.92,21.56,21.75,-0.0300000000000011,-0.1377410468319628,736568.0
1231,20230605,21.75,21.79,21.6,21.64,-0.1099999999999994,-0.5057471264367841,512585.0
1231,20230606,21.65,22.2,21.14,21.4,-0.240000000000002,-1.1090573012939142,1922903.0
1231,20230607,21.16,21.18,20.41,20.72,-0.6799999999999997,-3.1775700934579376,1797235.0
1231,20230608,20.8,20.95,20.55,20.85,0.1300000000000025,0.6274131274131456,895568.0
1231,20230609,20.81,21.54,20.72,21.47,0.6199999999999974,2.9736211031174964,1402288.0
1231,20230612,21.44,21.84,21.31,21.77,0.3000000000000007,1.3972985561248263,1403965.0
1231,20230613,22.0,22.46,21.31,22.29,0.5199999999999996,2.3886081763895284,1649455.0
1231,20230614,22.28,22.74,22.01,22.5,0.2100000000000008,0.9421265141319024,1311709.0
1231,20230615,22.5,22.5,22.0,22.07,-0.4299999999999997,-1.911111111111108,1135743.0
1231,20230616,22.23,22.34,22.01,22.16,0.0899999999999998,0.4077933846850845,576155.0
1231,20230619,22.07,22.29,22.05,22.18,0.0199999999999995,0.0902527075812287,566555.0
1231,20230620,22.07,22.41,21.85,22.21,0.0300000000000011,0.1352569882777432,603216.0
1231,20230621,22.21,22.38,21.91,21.97,-0.240000000000002,-1.0805943268797913,488400.0
1231,20230626,21.97,22.19,21.65,21.8,-0.1699999999999981,-0.7737824305871555,463600.0
1231,20230627,21.62,22.5,21.62,22.46,0.6600000000000001,3.027522935779814,805800.0
1231,20230628,22.69,22.77,22.06,22.68,0.2199999999999988,0.979519145146912,1135270.0
1231,20230629,22.62,23.46,22.59,23.34,0.6600000000000001,2.910052910052907,2621997.0
1231,20230630,23.32,23.86,23.21,23.79,0.4499999999999993,1.9280205655527016,2282524.0
1231,20230703,23.9,24.52,23.78,24.52,0.7300000000000004,3.0685161832702867,2840206.0
1231,20230704,24.93,24.93,24.01,24.7,0.1799999999999997,0.7340946166394691,2252497.0
1231,20230705,24.94,26.0,23.22,24.37,-0.3299999999999983,-1.3360323886639658,5473503.0
1231,20230706,24.63,25.5,24.01,25.5,1.129999999999999,4.636848584324982,7121275.0
1231,20230707,24.61,24.62,22.95,23.55,-1.9499999999999993,-7.647058823529407,5909410.0
1231,20230710,23.22,23.25,21.69,21.85,-1.6999999999999993,-7.218683651804669,7382731.0
1231,20230711,21.69,22.21,21.53,21.93,0.0799999999999983,0.3661327231121225,4074135.0
1231,20230712,21.92,21.93,21.45,21.5,-0.4299999999999997,-1.9607843137254943,2831688.0
1231,20230713,21.48,21.84,21.34,21.59,0.0899999999999998,0.4186046511627905,2446783.0
1231,20230714,21.54,21.6,21.28,21.46,-0.129999999999999,-0.602130616025931,2767000.0
1231,20230717,21.37,21.37,21.11,21.3,-0.1600000000000001,-0.745573159366264,1548800.0
1231,20230718,21.3,21.56,21.23,21.56,0.259999999999998,1.220657276995296,1829145.0
1231,20230719,21.46,21.63,21.41,21.5,-0.0599999999999987,-0.2782931354359919,949253.0
1231,20230720,21.56,21.59,21.15,21.16,-0.3399999999999998,-1.5813953488372112,1402900.0
1231,20230721,21.21,21.4,21.11,21.27,0.1099999999999994,0.51984877126654,1047000.0
1231,20230724,21.28,21.36,20.9,21.15,-0.120000000000001,-0.5641748942172176,641365.0
1231,20230725,21.22,21.46,21.22,21.39,0.240000000000002,1.134751773049647,786300.0
1231,20230726,21.4,21.67,21.33,21.55,0.1600000000000001,0.7480130902290716,1184300.0
1231,20230727,21.55,21.73,21.35,21.35,-0.1999999999999993,-0.9280742459396696,1155200.0
1231,20230728,21.53,21.57,21.21,21.47,0.1199999999999974,0.5620608899297386,941863.0
1231,20230731,21.47,21.77,21.37,21.5,0.0300000000000011,0.1397298556124804,1053119.0
1231,20230801,21.65,21.74,21.46,21.71,0.2100000000000008,0.9767441860465188,1253208.0
1231,20230802,21.73,21.73,21.43,21.5,-0.2100000000000008,-0.9672961768770194,1082295.0
1231,20230803,21.4,21.57,21.29,21.38,-0.120000000000001,-0.5581395348837281,756100.0
1231,20230804,21.4,21.45,21.1,21.1,-0.2799999999999976,-1.3096351730589206,1169900.0
1231,20230807,21.18,21.18,20.9,20.93,-0.1700000000000017,-0.805687203791472,652455.0
1231,20230808,21.0,21.04,20.88,20.98,0.0500000000000007,0.2388915432393723,528700.0
1231,20230809,21.05,21.05,20.68,20.7,-0.2800000000000011,-1.3346043851287015,644300.0
1231,20230810,20.61,21.14,20.47,21.13,0.4299999999999997,2.0772946859903385,945900.0
1231,20230811,21.0,21.19,20.85,20.89,-0.2399999999999984,-1.1358258400378518,745655.0
1231,20230814,20.71,20.9,20.28,20.81,-0.0800000000000018,-0.3829583532790948,954888.0
1231,20230815,20.86,22.89,20.83,22.89,2.080000000000002,9.995194617972135,4810880.0
1231,20230816,22.38,22.5,21.86,22.0,-0.8900000000000006,-3.8881607688947217,7162388.0
1231,20230817,21.72,22.19,21.63,21.86,-0.1400000000000005,-0.6363636363636349,3892698.0
1231,20230818,21.65,22.21,21.48,22.05,0.1900000000000012,0.8691674290942419,4648843.0
1231,20230821,21.78,22.29,21.58,22.03,-0.0199999999999995,-0.0907029478457999,3456265.0
1231,20230822,21.73,21.8,20.53,21.0,-1.0300000000000011,-4.675442578302325,4152000.0
1231,20230823,21.0,23.1,20.96,23.1,2.1000000000000014,10.000000000000009,6266041.0
1231,20230824,22.15,22.81,22.1,22.6,-0.5,-2.164502164502169,8235835.0
1231,20230825,22.21,22.6,22.0,22.01,-0.5899999999999999,-2.6106194690265427,4093600.0
1231,20230828,22.71,22.99,21.53,22.05,0.0399999999999991,0.1817355747387505,4368055.0
1231,20230829,21.85,23.0,21.7,23.0,0.9499999999999992,4.308390022675734,5533455.0
1231,20230830,22.62,23.46,22.53,22.85,-0.1499999999999985,-0.6521739130434745,4519100.0
1231,20230831,22.99,22.99,22.48,22.88,0.0299999999999975,0.1312910284463786,3028324.0
1231,20230901,22.81,22.88,22.34,22.48,-0.3999999999999986,-1.748251748251739,2329835.0
1231,20230904,22.36,22.69,22.32,22.6,0.120000000000001,0.5338078291815096,1922200.0
1231,20230905,22.52,22.52,22.26,22.42,-0.1799999999999997,-0.7964601769911539,1636000.0
1231,20230906,22.48,22.8,22.2,22.79,0.3699999999999974,1.6503122212310428,2433800.0
1231,20230907,22.7,22.99,22.0,22.04,-0.75,-3.290917068889865,2755255.0
1231,20230908,21.99,22.19,21.41,21.54,-0.5,-2.268602540834841,2586300.0
1231,20230911,21.54,22.45,21.35,22.3,0.7600000000000016,3.52831940575673,2370300.0
1231,20230912,22.2,22.49,22.07,22.21,-0.0899999999999998,-0.403587443946185,1326900.0
1231,20230913,22.12,22.21,21.66,21.95,-0.2600000000000015,-1.1706438541197683,1513555.0
1231,20230914,21.77,22.08,21.45,21.56,-0.3900000000000005,-1.7767653758542168,1136065.0
1231,20230915,21.65,21.75,21.45,21.56,0.0,0.0,727255.0
1231,20230918,21.51,22.13,21.25,21.89,0.3300000000000018,1.5306122448979664,1195900.0
1231,20230919,21.89,21.98,21.52,21.53,-0.3599999999999994,-1.6445865692096828,764800.0
1231,20230920,21.56,21.66,21.32,21.4,-0.1300000000000025,-0.6038086391082276,568728.0
1231,20230921,21.48,21.54,20.86,21.0,-0.3999999999999986,-1.869158878504662,1219300.0
1231,20230922,20.9,21.5,20.9,21.47,0.4699999999999988,2.238095238095239,919500.0
1231,20230925,21.48,21.67,21.27,21.47,0.0,0.0,555700.0
1231,20230926,21.46,21.59,21.29,21.49,0.0199999999999995,0.0931532370749943,396735.0
1231,20230927,21.57,21.73,21.31,21.57,0.0800000000000018,0.3722661703117857,597200.0
1231,20230928,21.77,21.94,21.61,21.8,0.2300000000000004,1.066295781177562,971955.0
1231,20231009,21.8,21.93,21.48,21.65,-0.1500000000000021,-0.6880733944954254,653900.0
1231,20231010,21.65,21.86,21.2,21.25,-0.3999999999999986,-1.8475750577367167,792400.0
1231,20231011,21.3,21.38,21.0,21.27,0.0199999999999995,0.0941176470588223,767500.0
1231,20231012,21.21,21.41,21.13,21.36,0.0899999999999998,0.4231311706629048,697510.0
1231,20231013,21.36,21.36,20.75,20.86,-0.5,-2.3408239700374533,934200.0
1231,20231016,20.91,21.09,20.77,20.95,0.0899999999999998,0.431447746883995,632600.0
1231,20231017,20.89,20.98,20.61,20.71,-0.2399999999999984,-1.1455847255369855,771889.0
1231,20231018,20.76,20.77,20.23,20.3,-0.4100000000000001,-1.9797199420569789,775151.0
1231,20231019,20.24,20.67,20.1,20.13,-0.1700000000000017,-0.8374384236453314,823151.0
1231,20231020,20.1,20.38,19.93,20.03,-0.0999999999999978,-0.4967709885742577,600319.0
1231,20231023,20.03,20.17,19.16,19.27,-0.7600000000000016,-3.794308537194213,940372.0
1231,20231024,19.32,20.27,19.32,20.15,0.879999999999999,4.566683964711982,1217500.0
1231,20231025,20.37,20.57,20.18,20.52,0.370000000000001,1.8362282878412015,785955.0
1231,20231026,20.43,20.54,20.15,20.4,-0.120000000000001,-0.5847953216374324,782800.0
1231,20231027,20.32,20.78,20.24,20.71,0.3100000000000023,1.5196078431372717,799223.0
1231,20231030,20.76,21.0,20.65,20.7,-0.0100000000000015,-0.0482858522453,736259.0
1231,20231031,20.65,20.91,20.53,20.78,0.0800000000000018,0.3864734299517058,786700.0
1231,20231101,20.78,20.94,20.65,20.93,0.1499999999999985,0.7218479307026016,598955.0
1231,20231102,20.97,21.09,20.68,20.8,-0.129999999999999,-0.6211180124223503,491600.0
1231,20231103,21.0,21.19,20.85,21.14,0.3399999999999998,1.6346153846153788,557600.0
1231,20231106,21.22,21.31,21.0,21.21,0.0700000000000002,0.3311258278145601,811810.0
1231,20231107,21.25,21.35,20.99,21.33,0.1199999999999974,0.5657708628005631,701600.0
1231,20231108,21.37,21.46,21.21,21.38,0.0500000000000007,0.2344116268166995,599455.0
1231,20231109,21.37,21.62,21.29,21.41,0.0300000000000011,0.1403180542563165,762947.0
1231,20231110,21.41,21.49,21.16,21.35,-0.0599999999999987,-0.2802428771601972,631279.0
1231,20231113,21.69,21.69,21.42,21.69,0.3399999999999998,1.5925058548009297,817500.0
1231,20231114,21.66,21.75,21.41,21.57,-0.120000000000001,-0.5532503457814753,661255.0
1231,20231115,21.58,21.76,21.45,21.68,0.1099999999999994,0.5099675475197074,521700.0
1231,20231116,21.63,21.79,21.55,21.55,-0.129999999999999,-0.5996309963099633,755700.0
1231,20231117,21.69,21.8,21.51,21.69,0.1400000000000005,0.6496519721577831,619510.0
1231,20231120,21.8,21.96,21.63,21.96,0.2699999999999996,1.2448132780082943,736500.0
1231,20231121,21.97,21.97,21.61,21.72,-0.240000000000002,-1.0928961748634003,688255.0
1231,20231122,21.62,21.85,21.51,21.62,-0.0999999999999978,-0.4604051565377465,595700.0
1231,20231123,21.63,21.87,21.56,21.86,0.2399999999999984,1.1100832562442209,674500.0
1231,20231124,21.86,21.86,21.6,21.72,-0.1400000000000005,-0.6404391582799707,704600.0
1231,20231127,21.7,21.84,21.47,21.58,-0.1400000000000005,-0.6445672191528584,739359.0
1231,20231128,21.63,21.99,21.49,21.89,0.3100000000000023,1.4365152919369797,891691.0
1231,20231129,21.99,21.99,21.6,21.69,-0.1999999999999993,-0.9136592051164903,559175.0
1231,20231130,21.62,21.84,21.28,21.54,-0.1500000000000021,-0.6915629322268413,601443.0
1231,20231201,21.57,21.58,21.24,21.44,-0.0999999999999978,-0.4642525533890329,485788.0
1231,20231204,21.41,21.66,21.26,21.56,0.1199999999999974,0.5597014925373012,558979.0
1231,20231205,21.51,21.69,21.37,21.37,-0.1899999999999977,-0.8812615955473002,541400.0
1231,20231206,21.57,21.85,21.37,21.57,0.1999999999999993,0.9358914365933612,647755.0
1231,20231207,21.57,21.85,21.3,21.77,0.1999999999999993,0.9272137227630984,1204687.0
1231,20231208,21.78,21.78,20.02,20.02,-1.75,-8.038585209003212,3195200.0
1231,20231211,20.03,20.74,20.03,20.47,0.4499999999999993,2.247752247752244,2368008.0
1231,20231212,20.48,20.69,20.11,20.66,0.1900000000000012,0.9281875915974735,1173200.0
1231,20231213,20.66,20.73,20.42,20.59,-0.0700000000000002,-0.3388189738625424,1049188.0
1231,20231214,20.59,20.84,20.59,20.63,0.0399999999999991,0.194269062651764,596500.0
1231,20231215,20.84,20.92,20.58,20.76,0.1300000000000025,0.6301502666020475,622600.0
1231,20231218,20.76,20.84,20.43,20.5,-0.2600000000000015,-1.2524084778420153,624620.0
1231,20231219,20.55,20.68,20.21,20.67,0.1700000000000017,0.8292682926829276,675700.0
1231,20231220,20.62,21.37,20.62,20.9,0.2299999999999968,1.1127237542331692,1025600.0
1231,20231221,20.76,21.05,20.5,21.05,0.1500000000000021,0.717703349282317,977255.0
1231,20231222,21.05,22.69,20.8,20.96,-0.0899999999999998,-0.4275534441805173,4789943.0
1231,20231225,20.98,21.0,19.95,20.36,-0.6000000000000014,-2.862595419847336,3610041.0
1231,20231226,20.53,20.88,20.16,20.21,-0.1499999999999985,-0.7367387033398787,1349100.0
1231,20231227,20.21,20.55,19.91,20.34,0.129999999999999,0.643245917862445,1173500.0
1231,20231228,20.24,20.95,20.14,20.84,0.5,2.4582104228122015,1159167.0
1231,20231229,20.85,20.95,20.73,20.83,-0.0100000000000015,-0.0479846449136345,786455.0
1231,20240102,20.8,21.59,20.8,21.4,0.5700000000000003,2.736437830052818,1326543.0
1231,20240103,21.56,21.64,21.24,21.61,0.2100000000000008,0.981308411214954,1068520.0
1231,20240104,21.51,21.77,21.43,21.59,-0.0199999999999995,-0.0925497454882018,768137.0
1231,20240105,21.5,21.77,21.23,21.34,-0.25,-1.1579434923575715,724912.0
1231,20240108,21.21,21.45,20.84,20.87,-0.4699999999999988,-2.202436738519209,792603.0
1231,20240109,20.82,21.43,20.82,21.15,0.2799999999999976,1.3416387158600829,1183800.0
1231,20240110,21.07,21.44,20.88,21.18,0.0300000000000011,0.1418439716312169,968500.0
1231,20240111,21.09,21.32,21.0,21.22,0.0399999999999991,0.1888574126534425,861555.0
1231,20240112,21.22,21.62,21.18,21.35,0.1300000000000025,0.6126295947219695,779800.0
1231,20240115,21.59,21.59,21.02,21.25,-0.1000000000000014,-0.4683840749414636,919500.0
1231,20240116,21.2,21.47,20.83,21.13,-0.120000000000001,-0.5647058823529449,848076.0
1231,20240117,21.02,21.2,20.74,20.8,-0.3299999999999983,-1.5617605300520476,858600.0
1231,20240118,20.8,20.96,19.94,20.47,-0.3300000000000018,-1.586538461538467,1248500.0
1231,20240119,20.33,20.47,19.92,20.01,-0.4599999999999973,-2.2471910112359383,790633.0
1231,20240122,19.95,20.01,18.62,18.72,-1.2900000000000027,-6.44677661169416,1199000.0
1231,20240123,18.72,18.72,17.7,18.21,-0.509999999999998,-2.7243589743589647,1416155.0
1231,20240124,18.19,18.59,17.7,18.55,0.3399999999999998,1.8671059857221284,981600.0
1231,20240125,18.55,19.49,18.5,19.43,0.879999999999999,4.743935309973035,822300.0
1231,20240126,19.79,20.08,19.36,19.74,0.3099999999999987,1.5954709212557816,975000.0
1231,20240129,19.98,19.98,18.8,18.82,-0.9199999999999982,-4.660587639311031,754955.0
1231,20240130,18.81,19.18,18.01,18.03,-0.7899999999999991,-4.197662061636553,688400.0
1231,20240131,18.2,18.21,16.65,16.67,-1.3599999999999994,-7.542983915696055,1240155.0
1231,20240201,16.51,16.8,15.82,16.34,-0.3300000000000018,-1.979604079184172,1081800.0
1231,20240202,16.39,16.8,14.71,15.11,-1.2300000000000004,-7.527539779681769,1441596.0
1231,20240205,15.0,15.06,13.6,13.6,-1.5099999999999998,-9.9933818663137,1832600.0
1231,20240206,12.3,13.84,12.24,12.48,-1.1199999999999992,-8.23529411764705,3114143.0
1231,20240207,12.49,12.59,11.24,11.4,-1.08,-8.653846153846157,3341294.0
1231,20240208,11.3,12.34,10.86,12.31,0.91,7.982456140350869,2473065.0
1231,20240219,12.37,13.28,12.37,13.18,0.8699999999999992,7.067424857839155,1912019.0
1231,20240220,13.3,13.75,12.98,13.6,0.4199999999999999,3.186646433990892,1378800.0
1231,20240221,13.47,14.25,13.47,13.9,0.3000000000000007,2.205882352941191,1469289.0
1231,20240222,13.8,14.64,13.75,14.6,0.6999999999999993,5.035971223021574,1360406.0
1231,20240223,14.6,15.26,14.55,15.05,0.450000000000001,3.082191780821919,1147000.0
1231,20240226,15.02,16.07,14.97,15.55,0.5,3.322259136212624,1563008.0
1231,20240227,15.58,16.19,15.31,16.18,0.629999999999999,4.051446945337611,1179355.0
1231,20240228,16.42,16.66,14.56,14.56,-1.6199999999999992,-10.012360939431398,2919900.0
1231,20240229,14.19,14.92,13.77,14.85,0.2899999999999991,1.991758241758235,2191555.0
1231,20240301,15.0,15.06,14.64,14.95,0.0999999999999996,0.6734006734006703,1300255.0
1231,20240304,14.95,15.2,14.51,14.7,-0.25,-1.6722408026755842,931491.0
1231,20240305,14.6,14.75,14.2,14.28,-0.4199999999999999,-2.857142857142858,893300.0
1231,20240306,14.28,14.95,14.15,14.93,0.6500000000000004,4.551820728291323,1598738.0
1231,20240307,14.9,15.24,14.66,14.8,-0.129999999999999,-0.8707300736771506,1434500.0
1231,20240308,14.9,14.98,14.51,14.79,-0.0100000000000015,-0.0675675675675835,870513.0
1231,20240311,14.79,15.07,14.72,15.07,0.2800000000000011,1.893171061528065,1125500.0
1231,20240312,15.09,15.66,15.07,15.62,0.5499999999999989,3.649635036496335,1243191.0
1231,20240313,15.62,15.98,15.4,15.78,0.1600000000000001,1.0243277848911658,1060700.0
1231,20240314,15.9,16.03,15.46,15.91,0.1300000000000007,0.823827629911289,1119200.0
1231,20240315,15.9,16.16,15.65,16.08,0.1699999999999981,1.0685103708359511,1011791.0
1231,20240318,16.19,16.57,15.9,16.5,0.4200000000000017,2.6119402985074647,918200.0
1231,20240319,16.45,16.81,16.35,16.58,0.0799999999999983,0.4848484848484657,915100.0
1231,20240320,16.55,16.81,16.48,16.69,0.1100000000000029,0.6634499396863891,986995.0
1231,20240321,16.82,16.97,16.39,16.91,0.2199999999999988,1.3181545835829755,1082476.0
1231,20240322,16.99,16.99,16.37,16.37,-0.5399999999999991,-3.1933767001774083,1122779.0
1231,20240325,16.31,16.89,15.92,15.96,-0.4100000000000001,-2.504581551618812,917594.0
1231,20240326,15.94,16.36,15.58,16.03,0.0700000000000002,0.4385964912280826,924500.0
1231,20240327,15.95,16.2,15.61,15.63,-0.4000000000000003,-2.4953212726138485,814700.0
1231,20240328,15.65,16.3,15.56,16.21,0.5800000000000001,3.710812539987196,943080.0
1231,20240329,16.15,16.4,16.13,16.39,0.1799999999999997,1.1104256631708775,743079.0
1231,20240401,16.49,16.89,16.36,16.87,0.4800000000000004,2.9286150091519136,805953.0
1231,20240402,16.88,17.79,16.8,17.55,0.6799999999999997,4.030823947836404,2104708.0
1231,20240403,17.56,17.99,17.22,17.68,0.129999999999999,0.7407407407407307,2531386.0
1231,20240408,17.41,17.48,16.19,16.77,-0.91,-5.147058823529416,2253442.0
1231,20240409,16.62,17.29,16.56,16.82,0.0500000000000007,0.2981514609421642,1580888.0
1231,20240410,16.82,17.01,16.34,16.48,-0.3399999999999998,-2.021403091557672,1119488.0
1231,20240411,16.48,17.19,16.22,16.71,0.2300000000000004,1.3956310679611672,1385620.0
1231,20240412,16.64,17.0,16.5,16.7,-0.0100000000000015,-0.0598444045481816,924900.0
1231,20240415,16.71,16.78,15.11,15.9,-0.7999999999999989,-4.79041916167664,2377088.0
1231,20240416,15.64,15.64,14.31,14.31,-1.59,-9.999999999999998,1304700.0
1231,20240417,14.16,15.26,14.11,15.24,0.9299999999999996,6.498951781970641,1408155.0
1231,20240418,15.24,15.48,14.83,15.02,-0.2200000000000006,-1.4435695538057791,1105477.0
1231,20240419,14.99,15.37,14.73,15.07,0.0500000000000007,0.332889480692411,987555.0
1231,20240422,14.96,15.15,14.4,14.58,-0.4900000000000002,-3.2514930325149294,778723.0
1231,20240423,14.65,14.99,14.56,14.77,0.1899999999999995,1.303155006858714,1289200.0
1231,20240424,14.76,15.46,14.69,15.37,0.5999999999999996,4.062288422478,1205400.0
1231,20240425,15.46,15.89,15.11,15.88,0.5100000000000016,3.3181522446324108,872991.0
1231,20240426,15.8,15.83,15.36,15.57,-0.3100000000000005,-1.9521410579345089,1160900.0
1231,20240429,15.57,16.65,15.56,16.58,1.009999999999998,6.486833654463697,1514510.0
1231,20240430,16.5,16.87,16.25,16.75,0.1700000000000017,1.025331724969858,1169001.0
1231,20240506,16.96,17.07,16.6,17.03,0.2800000000000011,1.6716417910447756,988352.0
1231,20240507,17.09,17.22,16.9,17.14,0.1099999999999994,0.6459189665296572,768100.0
1231,20240508,17.28,17.45,16.84,17.07,-0.0700000000000002,-0.4084014002333713,1325555.0
1231,20240509,17.08,17.3,17.08,17.25,0.1799999999999997,1.0544815465729274,679188.0
1231,20240510,17.5,17.5,16.85,17.02,-0.2300000000000004,-1.3333333333333308,599600.0
1231,20240513,16.18,16.81,16.18,16.35,-0.6699999999999982,-3.936545240893053,921234.0
1231,20240514,16.39,16.78,16.36,16.51,0.1600000000000001,0.9785932721712464,748749.0
1231,20240515,16.66,16.84,16.22,16.58,0.0699999999999967,0.423985463355514,552000.0
1231,20240516,16.82,17.08,16.59,16.9,0.3200000000000003,1.93003618817853,526700.0
1231,20240517,16.94,17.15,16.68,17.1,0.2000000000000028,1.183431952662728,811600.0
1231,20240520,17.25,17.34,17.01,17.26,0.1600000000000001,0.9356725146198784,857060.0
1231,20240521,17.26,17.28,16.51,16.73,-0.5300000000000011,-3.0706836616454347,784955.0
1231,20240522,16.88,17.06,16.55,16.76,0.0300000000000011,0.1793185893604443,684694.0
1231,20240523,16.62,16.77,16.19,16.28,-0.4800000000000004,-2.863961813842486,631600.0
1231,20240524,16.34,16.52,16.05,16.22,-0.0600000000000022,-0.3685503685503799,576433.0
1231,20240527,16.28,16.59,16.05,16.5,0.2800000000000011,1.7262638717632672,752700.0
1231,20240528,16.48,16.57,16.1,16.12,-0.379999999999999,-2.3030303030302957,500000.0
1231,20240529,16.14,16.55,16.12,16.32,0.1999999999999993,1.2406947890818865,492800.0
1231,20240530,16.32,16.53,16.01,16.11,-0.2100000000000008,-1.2867647058823597,593855.0
1231,20240531,16.12,16.28,16.02,16.14,0.0300000000000011,0.1862197392923814,433300.0
1231,20240603,16.2,16.28,15.73,15.89,-0.25,-1.548946716232957,875700.0
1231,20240604,15.71,15.88,15.23,15.7,-0.1900000000000012,-1.195720578980497,1126200.0
1231,20240605,15.65,15.65,15.03,15.17,-0.5299999999999994,-3.3757961783439483,968000.0
1231,20240606,14.99,15.16,13.76,14.29,-0.8800000000000008,-5.800922874093606,1867589.0
1231,20240607,14.35,14.9,14.35,14.86,0.5700000000000003,3.988803358992299,1535828.0
1231,20240611,14.96,14.99,14.24,14.47,-0.3899999999999988,-2.6244952893674234,1675108.0
1231,20240612,14.46,15.32,14.25,15.21,0.7400000000000002,5.114029025570144,2291811.0
1231,20240613,15.21,15.26,14.76,15.03,-0.1800000000000015,-1.183431952662728,1383519.0
1231,20240614,15.0,15.06,14.56,14.82,-0.209999999999999,-1.3972055888223478,966000.0
1231,20240617,14.82,14.91,14.46,14.67,-0.1500000000000003,-1.0121457489878585,1164494.0
1231,20240618,14.65,15.55,14.55,15.51,0.8399999999999999,5.725971370143146,2292504.0
1231,20240619,15.9,16.03,14.7,14.93,-0.5800000000000001,-3.739522888459057,4523765.0
1231,20240620,14.71,14.88,14.01,14.1,-0.8300000000000001,-5.55927662424649,2517891.0
1231,20240621,14.18,14.18,13.81,14.0,-0.0999999999999996,-0.7092198581560294,1536200.0
1231,20240624,13.9,13.9,13.2,13.43,-0.5700000000000003,-4.07142857142857,1435555.0
1231,20240625,13.55,13.99,13.44,13.77,0.3399999999999998,2.5316455696202445,1170155.0
1231,20240626,13.89,14.34,13.56,14.29,0.5199999999999996,3.7763253449528023,1173900.0
1231,20240627,14.26,14.53,14.04,14.05,-0.2399999999999984,-1.679496151154647,948157.0
1231,20240628,14.14,14.35,14.03,14.07,0.0199999999999995,0.1423487544483848,620100.0
1231,20240701,14.1,14.26,13.9,14.21,0.1400000000000005,0.995024875621886,638000.0
1231,20240702,14.22,14.44,14.15,14.29,0.0799999999999983,0.5629838142153343,639300.0
1231,20240703,14.44,14.44,14.1,14.14,-0.1499999999999985,-1.049685094471653,601200.0
1231,20240704,14.14,14.28,13.62,13.7,-0.4400000000000013,-3.1117397454031193,690758.0
1231,20240705,13.7,14.03,13.44,13.92,0.2200000000000006,1.6058394160584075,573500.0
1231,20240708,13.85,14.06,13.44,13.5,-0.4199999999999999,-3.0172413793103425,738800.0
1231,20240709,13.33,13.72,13.11,13.62,0.1199999999999992,0.8888888888888724,784788.0
1231,20240710,13.5,13.75,13.34,13.34,-0.2799999999999993,-2.05580029368575,570000.0
1231,20240711,13.55,13.85,13.52,13.83,0.4900000000000002,3.673163418290848,833300.0
1231,20240712,13.91,14.17,13.69,13.8,-0.0299999999999993,-0.2169197396963085,569700.0
1231,20240715,13.76,13.92,13.31,13.54,-0.2600000000000015,-1.884057971014508,848000.0
1231,20240716,13.54,13.63,13.29,13.46,-0.0799999999999983,-0.5908419497784201,775655.0
1231,20240717,13.51,13.54,13.22,13.34,-0.120000000000001,-0.8915304606240793,423000.0
1231,20240718,13.23,13.37,12.9,13.25,-0.0899999999999998,-0.6746626686656709,606110.0
1231,20240719,13.26,13.46,12.98,13.24,-0.0099999999999997,-0.0754716981132053,610700.0
1231,20240722,13.12,13.38,13.12,13.31,0.0700000000000002,0.5287009063444037,472400.0
1231,20240723,13.27,13.54,13.13,13.14,-0.1699999999999999,-1.277235161532686,742600.0
1231,20240724,13.15,13.19,12.9,13.01,-0.1300000000000007,-0.9893455098934578,563112.0
1231,20240725,13.0,13.45,12.89,13.25,0.2400000000000002,1.8447348193697088,606100.0
1231,20240726,13.26,13.5,13.26,13.36,0.1099999999999994,0.8301886792452695,485560.0
1231,20240729,13.43,13.48,13.2,13.4,0.0400000000000009,0.2994011976047872,468655.0
1231,20240730,13.4,13.53,13.32,13.45,0.0499999999999989,0.3731343283581934,438500.0
1231,20240731,13.47,13.76,13.36,13.76,0.3100000000000005,2.3048327137546565,797907.0
1231,20240801,13.85,13.88,13.69,13.78,0.0199999999999995,0.1453488372092914,493355.0
1231,20240802,13.78,15.16,13.63,15.16,1.3800000000000008,10.0145137880987,3580549.0
1231,20240805,14.62,15.46,13.99,14.12,-1.040000000000001,-6.860158311345654,6628052.0
1231,20240806,14.33,15.2,14.01,14.16,0.0400000000000009,0.2832861189801861,4206735.0
1231,20240807,14.28,14.32,13.9,14.19,0.0299999999999993,0.2118644067796493,2450228.0
1231,20240808,14.06,14.42,13.82,14.4,0.2100000000000008,1.4799154334038225,2450964.0
1231,20240809,14.37,14.37,14.0,14.24,-0.1600000000000001,-1.1111111111111072,1929380.0
1231,20240812,14.1,14.17,13.92,13.95,-0.2900000000000009,-2.03651685393259,1093283.0
1231,20240813,14.05,14.16,13.6,14.16,0.2100000000000008,1.505376344086029,1153800.0
1231,20240814,14.17,14.18,13.99,14.04,-0.120000000000001,-0.8474576271186529,668283.0
1231,20240815,14.08,14.15,13.86,14.06,0.0200000000000013,0.1424501424501567,971400.0
1231,20240816,14.05,14.3,13.86,14.18,0.1199999999999992,0.8534850640113723,1493907.0
1231,20240819,14.15,14.28,13.85,13.87,-0.3100000000000005,-2.186177715091686,1681472.0
1231,20240820,13.98,14.0,13.4,13.51,-0.3599999999999994,-2.595529920692141,1291600.0
1231,20240821,13.46,13.67,13.41,13.48,-0.0299999999999993,-0.2220577350110941,830610.0
1231,20240822,13.41,13.61,13.17,13.17,-0.3100000000000005,-2.2997032640949544,837253.0
1231,20240823,13.1,13.23,12.89,12.94,-0.2300000000000004,-1.74639331814731,952225.0
1231,20240826,12.88,13.16,12.88,13.13,0.1900000000000012,1.4683153013910433,967200.0
1231,20240827,13.23,13.33,12.96,13.09,-0.0400000000000009,-0.3046458492003134,840400.0
1231,20240828,13.1,13.43,13.1,13.33,0.2400000000000002,1.83346065699006,1457200.0
1231,20240829,13.33,13.66,13.2,13.6,0.2699999999999996,2.025506376594155,1112500.0
1231,20240830,13.6,13.84,13.6,13.69,0.0899999999999998,0.6617647058823506,1378600.0
1231,20240902,13.69,13.98,13.63,13.76,0.0700000000000002,0.511322132943759,1250500.0
1231,20240903,13.76,13.97,13.68,13.93,0.1699999999999999,1.2354651162790775,871900.0
1231,20240904,13.84,13.96,13.59,13.7,-0.2300000000000004,-1.6511127063890907,746000.0
1231,20240905,13.7,13.93,13.61,13.84,0.1400000000000005,1.0218978102189746,651300.0
1231,20240906,13.99,14.02,13.61,13.64,-0.1999999999999993,-1.445086705202303,674600.0
1231,20240909,13.73,13.82,13.46,13.62,-0.0200000000000013,-0.1466275659824156,541639.0
1231,20240910,13.63,13.88,13.56,13.8,0.1800000000000015,1.3215859030837107,673900.0
1231,20240911,13.81,14.0,13.72,13.93,0.129999999999999,0.9420289855072372,1421800.0
1231,20240912,13.82,13.91,13.61,13.67,-0.2599999999999998,-1.866475233309406,1165400.0
1231,20240913,13.58,13.76,13.4,13.46,-0.209999999999999,-1.53621068032187,820100.0
1231,20240918,13.54,13.54,12.95,13.08,-0.3800000000000008,-2.823179791976227,767300.0
1231,20240919,13.23,13.62,13.18,13.57,0.4900000000000002,3.746177370030579,935600.0
1231,20240920,13.56,13.63,13.35,13.48,-0.0899999999999998,-0.6632277081798033,603500.0
1231,20240923,13.48,13.58,13.27,13.4,-0.08,-0.5934718100890191,486100.0
1231,20240924,13.42,13.87,13.42,13.86,0.4599999999999991,3.432835820895508,857600.0
1231,20240925,13.96,14.2,13.91,13.96,0.1000000000000014,0.721500721500723,998300.0
1231,20240926,13.94,14.29,13.94,14.28,0.3199999999999985,2.2922636103151817,1087698.0
1231,20240927,14.37,14.85,14.23,14.64,0.3600000000000012,2.521008403361358,1827588.0
1231,20240930,14.91,15.98,14.81,15.79,1.1499999999999986,7.855191256830585,3441678.0
1231,20241008,17.35,17.35,16.0,16.89,1.1000000000000014,6.966434452184944,3209908.0
1231,20241009,16.79,16.79,15.2,15.37,-1.5200000000000014,-8.999407933688586,2814345.0
1231,20241010,15.38,15.95,15.32,15.68,0.3100000000000005,2.01691607026675,1820062.0
1231,20241011,15.61,15.75,14.99,15.17,-0.5099999999999998,-3.2525510204081565,1340385.0
1231,20241014,15.27,15.73,15.1,15.62,0.4499999999999993,2.96638101516149,1351500.0
1231,20241015,15.66,15.87,15.5,15.5,-0.1199999999999992,-0.7682458386683688,1055100.0
1231,20241016,15.28,15.75,15.28,15.58,0.08,0.5161290322580614,850600.0
1231,20241017,15.54,15.79,15.23,15.38,-0.1999999999999993,-1.28369704749679,855718.0
1231,20241018,15.01,16.18,15.01,15.87,0.4899999999999984,3.1859557867360166,1907781.0
1231,20241021,16.07,16.09,15.73,15.85,-0.0199999999999995,-0.1260239445494582,1369270.0
1231,20241022,15.99,16.18,15.71,16.06,0.209999999999999,1.324921135646684,1138200.0
1231,20241023,16.0,16.35,15.95,16.1,0.0400000000000027,0.2490660024906832,1072170.0
1231,20241024,16.11,16.17,15.91,16.11,0.009999999999998,0.0621118012422261,1049000.0
1231,20241025,16.11,16.93,16.03,16.88,0.7699999999999996,4.779639975170702,2142780.0
1231,20241028,16.76,17.33,16.4,17.25,0.370000000000001,2.1919431279620927,2410696.0
1231,20241029,17.01,17.2,16.52,16.63,-0.620000000000001,-3.5942028985507357,2086883.0
1231,20241030,16.41,16.61,15.9,16.15,-0.4800000000000004,-2.8863499699338546,1716328.0
1231,20241031,16.14,16.57,16.14,16.37,0.2200000000000024,1.3622291021671895,1518000.0
1231,20241101,16.48,16.56,15.94,15.96,-0.4100000000000001,-2.504581551618812,1194509.0
1231,20241104,15.98,16.79,15.81,16.63,0.6699999999999982,4.197994987468667,1941688.0
1231,20241105,16.59,16.74,16.44,16.7,0.0700000000000002,0.4209260372820322,1347430.0
1231,20241106,16.75,17.17,16.61,16.78,0.0800000000000018,0.4790419161676773,1433500.0
1231,20241107,16.75,17.08,16.6,17.04,0.259999999999998,1.5494636471990342,1304764.0
1231,20241108,17.16,17.35,16.78,17.11,0.0700000000000002,0.4107981220657253,1508791.0
1231,20241111,17.03,17.68,16.9,17.55,0.4400000000000013,2.571595558153139,3417406.0
1231,20241112,17.44,18.24,17.29,17.54,-0.0100000000000015,-0.0569800569800604,4075384.0
1231,20241113,17.48,18.98,16.72,17.18,-0.3599999999999994,-2.052451539338651,4070972.0
1231,20241114,17.19,17.5,16.63,16.75,-0.4299999999999997,-2.502910360884747,2660892.0
1231,20241115,16.7,16.95,16.38,16.51,-0.2399999999999984,-1.4328358208955172,1661043.0
1231,20241118,16.51,16.75,16.0,16.11,-0.4000000000000021,-2.422774076317391,1521333.0
1231,20241119,16.11,16.48,15.96,16.47,0.3599999999999994,2.2346368715083775,1205869.0
1231,20241120,16.51,17.6,16.45,17.23,0.7600000000000016,4.614450516089863,1842961.0
1231,20241121,17.22,17.41,17.03,17.32,0.0899999999999998,0.5223447475333654,1138506.0
1231,20241122,17.3,17.72,16.91,16.95,-0.370000000000001,-2.1362586605080836,2863500.0
1231,20241125,16.85,17.29,16.7,17.29,0.3399999999999998,2.0058997050147465,1492000.0
1231,20241126,17.29,18.33,17.13,17.65,0.3599999999999994,2.0821283979178595,3437414.0
1231,20241127,17.42,17.51,16.7,17.08,-0.5700000000000003,-3.2294617563739414,2807700.0
1231,20241128,17.1,17.63,17.0,17.62,0.5400000000000027,3.1615925058548155,2396638.0
1231,20241129,17.56,17.83,17.27,17.6,-0.0199999999999995,-0.1135073779795714,2296288.0
1231,20241202,17.51,17.98,17.51,17.9,0.2999999999999971,1.7045454545454364,1455500.0
1231,20241203,17.99,18.2,17.45,18.08,0.1799999999999997,1.0055865921787754,1754714.0
1231,20241204,18.08,18.25,17.81,18.11,0.0300000000000011,0.1659292035398385,1561301.0
1231,20241205,18.12,19.92,17.85,19.92,1.8100000000000025,9.994478188845957,6091538.0
1231,20241206,20.88,21.91,20.87,21.91,1.9899999999999984,9.989959839357422,8918586.0
1231,20241209,21.97,22.18,19.72,19.72,-2.1900000000000013,-9.995435874030134,11858396.0
1231,20241210,19.81,20.21,19.0,19.35,-0.3699999999999974,-1.8762677484786885,9176538.0
1231,20241211,19.3,19.51,19.0,19.34,-0.0100000000000015,-0.0516795865633135,5916031.0
1231,20241212,19.52,19.52,19.04,19.3,-0.0399999999999991,-0.206825232678387,4581625.0
1231,20241213,19.4,19.45,19.0,19.0,-0.3000000000000007,-1.5544041450777255,3545400.0
1231,20241216,19.1,19.58,18.72,19.19,0.1900000000000012,1.0000000000000009,3759333.0
1231,20241217,19.61,19.87,18.42,18.53,-0.6600000000000001,-3.439291297550806,4721837.0
1231,20241218,18.79,18.8,17.72,18.33,-0.2000000000000028,-1.0793308148947856,3317578.0
1231,20241219,18.18,18.7,18.09,18.68,0.3500000000000014,1.9094380796508492,2902153.0
1231,20241220,18.68,18.81,18.38,18.55,-0.129999999999999,-0.6959314775160541,2079800.0
1231,20241223,18.6,18.6,17.41,17.55,-1.0,-5.39083557951483,2334675.0
1231,20241224,18.08,18.09,17.34,17.54,-0.0100000000000015,-0.0569800569800604,1631200.0
1231,20241225,17.49,17.58,16.73,16.76,-0.7799999999999976,-4.446978335233743,1825900.0
1231,20241226,16.78,17.59,16.78,17.25,0.4899999999999984,2.923627684964192,2419200.0
1231,20241227,17.44,17.99,17.22,17.56,0.3099999999999987,1.7971014492753623,2216500.0
1231,20241230,17.45,17.51,16.87,17.0,-0.5599999999999987,-3.1890660592255093,1450600.0
1231,20241231,17.0,17.19,16.68,16.69,-0.3099999999999987,-1.8235294117647016,1049300.0
1231,20250102,16.63,17.2,16.43,16.62,-0.0700000000000002,-0.4194128220491366,1356018.0
1231,20250103,17.23,17.23,15.95,16.15,-0.4700000000000024,-2.827918170878474,1714616.0
1231,20250106,16.25,16.34,15.42,16.19,0.0400000000000027,0.2476780185758587,1326400.0
1231,20250107,16.08,17.4,16.08,16.98,0.7899999999999991,4.879555281037673,3335959.0
1231,20250108,17.13,18.68,16.9,18.68,1.6999999999999993,10.011778563015316,6808590.0
1231,20250109,18.33,18.85,18.03,18.45,-0.2300000000000004,-1.2312633832976427,6066230.0
1231,20250110,18.21,20.1,18.09,18.52,0.0700000000000002,0.3794037940379358,8023832.0
1231,20250113,18.0,18.92,17.69,18.83,0.3099999999999987,1.673866090712739,5739032.0
1231,20250114,18.71,19.41,18.38,19.23,0.4000000000000021,2.124269782262367,10510858.0
1231,20250115,19.0,19.09,18.2,18.87,-0.3599999999999994,-1.8720748829953116,6663992.0
1231,20250116,18.85,18.99,17.52,17.67,-1.1999999999999993,-6.359300476947527,8088200.0
1231,20250117,17.27,17.27,16.37,16.74,-0.9300000000000032,-5.2631578947368585,5933230.0
1231,20250120,16.53,17.3,16.4,17.1,0.360000000000003,2.1505376344086224,4891700.0
1231,20250121,17.05,17.34,16.55,17.26,0.1600000000000001,0.9356725146198784,4043200.0
1231,20250122,17.08,17.5,16.77,16.89,-0.370000000000001,-2.143684820393976,2664755.0
1231,20250123,17.03,17.36,16.89,17.0,0.1099999999999994,0.6512729425695696,2793800.0
1231,20250124,17.01,17.08,16.71,16.85,-0.1499999999999985,-0.8823529411764675,2013600.0
1231,20250127,16.95,17.98,16.95,17.7,0.8499999999999979,5.044510385756662,5641975.0
1231,20250205,17.74,17.84,17.02,17.37,-0.3299999999999983,-1.8644067796610095,3726600.0
1231,20250206,17.34,17.35,16.89,17.3,-0.0700000000000002,-0.4029936672423684,3088200.0
1231,20250207,17.27,17.45,17.11,17.45,0.1499999999999985,0.8670520231213841,3265955.0
1231,20250210,17.45,17.64,17.29,17.64,0.1900000000000012,1.0888252148997246,2457355.0
1231,20250211,17.66,17.7,17.35,17.48,-0.1600000000000001,-0.9070294784580546,1657299.0
1231,20250212,17.51,17.58,17.28,17.44,-0.0399999999999991,-0.2288329519450793,1748300.0
1231,20250213,17.45,17.5,17.18,17.23,-0.2100000000000008,-1.2041284403669803,1794910.0
1231,20250214,17.13,17.36,17.01,17.07,-0.1600000000000001,-0.9286128845037768,1443100.0
1231,20250217,17.12,17.79,17.1,17.79,0.7199999999999989,4.217926186291732,2869975.0
1231,20250218,17.8,18.45,17.43,17.45,-0.3399999999999998,-1.911186059584036,3836900.0
1231,20250219,17.37,17.65,17.2,17.63,0.1799999999999997,1.0315186246418362,2190875.0
1231,20250220,17.63,17.79,17.5,17.79,0.1600000000000001,0.9075439591605284,1576575.0
1231,20250221,17.76,17.85,17.32,17.49,-0.3000000000000007,-1.6863406408094472,1927075.0
1231,20250224,18.01,18.35,17.71,17.84,0.3500000000000014,2.0011435105774744,4318375.0
1231,20250225,17.49,17.74,17.33,17.42,-0.4199999999999981,-2.354260089686089,2702775.0
1231,20250226,17.35,17.66,17.35,17.51,0.0899999999999998,0.5166475315729002,1753100.0
1231,20250227,17.55,17.58,17.09,17.4,-0.1100000000000029,-0.6282124500285757,2194200.0
1231,20250228,17.38,17.52,17.0,17.04,-0.3599999999999994,-2.0689655172413723,1524700.0
1231,20250303,17.04,17.45,17.04,17.34,0.3000000000000007,1.760563380281699,1585900.0
1231,20250304,17.45,17.62,17.27,17.56,0.2199999999999988,1.2687427912341231,1303700.0
1231,20250305,17.6,17.68,17.21,17.43,-0.129999999999999,-0.740318906605919,1268988.0
1231,20250306,17.51,17.84,17.4,17.8,0.370000000000001,2.1227768215720033,2230699.0
1231,20250307,17.71,17.83,17.49,17.6,-0.1999999999999993,-1.1235955056179692,1317200.0
1231,20250310,17.6,17.96,17.6,17.84,0.2399999999999984,1.3636363636363449,1685788.0
1231,20250311,17.61,17.93,17.61,17.92,0.0800000000000018,0.4484304932735439,1263900.0
1231,20250312,17.94,18.08,17.81,17.94,0.0199999999999995,0.1116071428571396,1286700.0
1231,20250313,17.88,18.01,17.56,17.85,-0.0899999999999998,-0.5016722408026753,1283988.0
1231,20250314,17.84,18.02,17.61,18.01,0.1600000000000001,0.8963585434173638,1690388.0
1231,20250317,18.09,18.25,17.89,18.24,0.2299999999999968,1.277068295391426,1686300.0
1231,20250318,18.36,18.36,18.15,18.33,0.0899999999999998,0.4934210526315707,1354988.0
1231,20250319,18.26,18.34,18.12,18.2,-0.129999999999999,-0.7092198581560183,1101817.0
1231,20250320,18.19,18.37,17.96,18.2,0.0,0.0,1222688.0
1231,20250321,18.1,18.25,17.8,17.93,-0.2699999999999996,-1.4835164835164782,1471400.0
1231,20250324,17.88,17.93,16.58,16.92,-1.009999999999998,-5.633017289458997,2991600.0
1231,20250325,16.92,17.43,16.68,17.26,0.3399999999999998,2.009456264775422,2127100.0
1231,20250326,17.26,17.89,17.1,17.76,0.5,2.8968713789107703,2225626.0
1231,20250327,17.71,17.94,17.38,17.67,-0.0899999999999998,-0.5067567567567544,1431000.0
1231,20250328,17.68,17.79,17.04,17.18,-0.490000000000002,-2.773061686474265,1564400.0
1231,20250331,17.17,17.25,16.59,16.93,-0.25,-1.455180442374859,1826500.0
1231,20250401,16.9,17.68,16.9,17.39,0.4600000000000008,2.717070289427048,1679917.0
1231,20250402,17.42,17.65,17.3,17.4,0.009999999999998,0.0575043128234531,1156700.0
1231,20250403,17.2,17.45,16.99,17.34,-0.0599999999999987,-0.3448275862068861,1338600.0
1231,20250407,16.53,16.83,15.61,15.61,-1.7300000000000004,-9.97693194925029,2257100.0
1231,20250408,15.5,16.65,15.31,16.38,0.7699999999999996,4.932735426008961,3840273.0
1231,20250409,16.1,16.17,14.74,16.03,-0.3499999999999978,-2.136752136752129,3776200.0
1231,20250410,16.11,16.49,16.1,16.41,0.379999999999999,2.3705552089831494,2755888.0
1231,20250411,16.2,16.62,16.12,16.16,-0.25,-1.5234613040828735,1901788.0
1231,20250414,16.37,16.7,16.34,16.64,0.4800000000000004,2.970297029702973,1643588.0
1231,20250415,16.65,16.97,16.57,16.89,0.25,1.5024038461538547,1173779.0
1231,20250416,16.71,16.96,16.38,16.57,-0.3200000000000003,-1.8946121965660143,1393300.0
1231,20250417,16.5,16.98,16.48,16.89,0.3200000000000003,1.931200965600488,1253400.0
1231,20250418,16.89,16.93,16.54,16.8,-0.0899999999999998,-0.5328596802841923,975200.0
1231,20250421,16.79,17.25,16.67,17.09,0.2899999999999991,1.72619047619047,1187100.0
1231,20250422,17.04,17.6,17.04,17.51,0.4200000000000017,2.4575775307197345,1746900.0
1231,20250423,17.42,17.63,17.33,17.6,0.0899999999999998,0.5139920045688084,1388100.0
1231,20250424,17.64,17.8,17.38,17.65,0.0499999999999971,0.2840909090908949,1613000.0
1231,20250425,17.65,17.7,17.31,17.54,-0.1099999999999994,-0.6232294617563694,1353700.0
1231,20250428,17.58,17.75,17.38,17.65,0.1099999999999994,0.6271379703534752,1732600.0
1231,20250429,17.65,18.19,17.56,18.05,0.4000000000000021,2.2662889518413776,1772400.0
1231,20250430,18.25,18.27,17.95,18.21,0.1600000000000001,0.8864265927977844,1387700.0
1231,20250506,18.3,18.73,18.27,18.59,0.379999999999999,2.0867655134541474,1867681.0
1231,20250507,18.78,19.2,18.65,18.84,0.25,1.3448090371167345,2071284.0
1231,20250508,19.08,19.25,18.85,19.13,0.2899999999999991,1.5392781316348136,1552300.0
1231,20250509,19.03,19.24,18.74,18.87,-0.259999999999998,-1.359121798222673,1760075.0
1231,20250512,18.95,19.18,18.66,18.8,-0.0700000000000002,-0.370959194488607,1520300.0
1231,20250513,18.88,19.06,18.7,18.83,0.0299999999999975,0.1595744680850996,1227600.0
1231,20250514,18.83,19.06,18.51,18.62,-0.2099999999999973,-1.1152416356877135,1215610.0
1231,20250515,18.62,18.95,18.51,18.85,0.2300000000000004,1.235230934479059,1198600.0
1231,20250516,19.06,19.11,18.56,19.04,0.1899999999999977,1.0079575596816823,1164200.0
1231,20250519,19.14,19.34,18.86,19.13,0.0899999999999998,0.4726890756302504,1148800.0
1231,20250520,19.13,19.47,19.0,19.47,0.3399999999999998,1.7773131207527548,1134988.0
1231,20250521,19.5,19.59,19.16,19.23,-0.2399999999999984,-1.2326656394452962,1175500.0
1231,20250522,19.04,19.55,18.85,19.05,-0.1799999999999997,-0.9360374414976612,1836677.0
1231,20250523,18.75,20.06,18.7,18.84,-0.2100000000000008,-1.1023622047244164,2791200.0
1231,20250526,18.93,19.12,18.56,18.88,0.0399999999999991,0.2123142250530785,1707188.0
1231,20250527,18.87,20.28,18.68,19.35,0.4700000000000024,2.4894067796610297,3500976.0
1231,20250528,19.37,19.99,18.9,19.09,-0.2600000000000015,-1.3436692506460068,2822318.0
1231,20250529,19.0,19.31,18.8,19.19,0.1000000000000014,0.5238344683080154,1940400.0
1231,20250530,19.19,19.35,18.86,18.9,-0.2900000000000027,-1.51120375195416,1242500.0
1231,20250603,18.8,19.24,18.8,19.21,0.3100000000000023,1.6402116402116418,1381000.0
1231,20250604,19.31,19.45,19.03,19.38,0.1699999999999981,0.8849557522123908,1289200.0
1231,20250605,19.39,19.79,19.24,19.63,0.25,1.2899896800825594,2721257.0
1231,20250606,19.54,20.15,19.46,19.79,0.1600000000000001,0.8150789607743292,3223500.0
1231,20250609,19.79,20.25,19.65,20.1,0.3100000000000023,1.5664477008590303,2429676.0
1231,20250610,20.28,20.39,19.73,19.98,-0.120000000000001,-0.5970149253731405,2486800.0
1231,20250611,19.98,20.27,19.88,20.05,0.0700000000000002,0.3503503503503591,1415900.0
1231,20250612,19.97,21.09,19.83,20.31,0.259999999999998,1.2967581047381491,3011100.0
1231,20250613,20.29,20.65,19.71,19.84,-0.4699999999999988,-2.3141309699655332,2879530.0
1231,20250616,19.83,20.04,19.59,19.67,-0.1699999999999981,-0.8568548387096642,1691855.0
1231,20250617,20.0,20.28,19.61,19.77,0.0999999999999978,0.5083884087442758,2395500.0
1231,20250618,19.7,19.96,19.29,19.39,-0.379999999999999,-1.9221041982802167,1673400.0
1231,20250619,19.39,19.5,18.81,18.96,-0.4299999999999997,-2.2176379577101613,1625300.0
1231,20250620,19.02,19.88,18.64,19.09,0.129999999999999,0.6856540084388074,2458800.0
1231,20250623,19.05,19.35,18.77,19.2,0.1099999999999994,0.5762179151388214,1638200.0
1231,20250624,19.46,19.92,19.26,19.74,0.5399999999999991,2.8124999999999956,1861500.0
1231,20250625,19.89,19.99,19.49,19.69,-0.0499999999999971,-0.2532928064842843,1426600.0
1231,20250626,19.76,19.8,19.41,19.7,0.009999999999998,0.0507872016251909,1138200.0
1231,20250627,19.7,19.92,19.46,19.89,0.1900000000000012,0.9644670050761528,1365230.0
1231,20250630,19.95,20.18,19.86,20.12,0.2300000000000004,1.1563599798893875,1372647.0
1231,20250701,20.1,20.3,19.85,20.04,-0.0800000000000018,-0.3976143141153132,1300200.0
1231,20250702,20.13,20.24,19.84,20.1,0.0600000000000022,0.2994011976048094,1053100.0
1231,20250703,20.21,20.3,19.95,20.21,0.1099999999999994,0.5472636815920362,1185600.0
1231,20250704,20.24,20.24,19.77,19.88,-0.3300000000000018,-1.6328550222662108,1119100.0
1231,20250707,19.77,20.24,19.69,20.22,0.3399999999999998,1.7102615694164935,1360830.0
1231,20250708,20.31,20.49,20.16,20.36,0.1400000000000005,0.6923837784371889,1441400.0
1231,20250709,20.5,20.59,20.19,20.36,0.0,0.0,1189600.0
1231,20250710,20.48,20.5,20.2,20.37,0.0100000000000015,0.0491159135560081,900400.0
1231,20250711,20.48,20.5,20.02,20.32,-0.0500000000000007,-0.2454590083456054,897605.0
1231,20250714,20.31,20.74,20.17,20.61,0.2899999999999991,1.427165354330695,1452200.0
1231,20250715,20.68,20.71,20.0,20.23,-0.379999999999999,-1.8437651625424545,1416000.0
1231,20250716,20.2,20.57,20.18,20.53,0.3000000000000007,1.4829461196243177,1422600.0
1231,20250717,20.53,20.68,20.24,20.24,-0.2900000000000027,-1.4125669751583136,1013550.0
1231,20250718,20.39,20.58,20.26,20.43,0.1900000000000012,0.938735177865624,1141100.0
1231,20250721,20.81,21.18,20.66,20.98,0.5500000000000007,2.6921194322075515,2118055.0
1231,20250722,20.96,21.14,20.57,20.67,-0.3099999999999987,-1.4775977121067596,1315100.0
1231,20250723,20.88,20.88,20.48,20.59,-0.0800000000000018,-0.3870343492985095,1315200.0
1231,20250724,20.75,20.8,20.5,20.56,-0.0300000000000011,-0.1457017969888396,1481559.0
1231,20250725,20.67,20.99,20.54,20.9,0.3399999999999998,1.6536964980544688,1565700.0
1231,20250728,21.0,21.85,21.0,21.52,0.620000000000001,2.966507177033506,2062622.0
1231,20250729,21.52,21.54,20.86,21.06,-0.4600000000000008,-2.1375464684014855,1804500.0
1231,20250730,21.12,21.8,21.05,21.27,0.2100000000000008,0.9971509971510084,2398800.0
1231,20250731,21.33,21.33,20.52,20.73,-0.5399999999999991,-2.538787023977429,1480159.0
1231,20250801,20.45,21.19,20.45,21.11,0.379999999999999,1.8330921369995143,1760188.0
1231,20250804,21.02,21.25,20.63,21.13,0.0199999999999995,0.0947418285172974,1570100.0
1231,20250805,21.25,21.44,21.13,21.43,0.3000000000000007,1.4197823000473342,1311103.0
1231,20250806,21.43,21.6,21.28,21.54,0.1099999999999994,0.5132991133924403,1082100.0
1231,20250807,21.68,21.77,21.4,21.66,0.120000000000001,0.5571030640668662,1499768.0
1231,20250808,21.68,21.9,21.33,21.8,0.1400000000000005,0.6463527239150446,1208100.0
1231,20250811,21.95,22.46,21.72,22.3,0.5,2.2935779816513735,1926147.0
1231,20250812,22.6,22.6,22.01,22.11,-0.1900000000000012,-0.8520179372197401,1346759.0
1231,20250813,22.11,22.28,21.72,22.0,-0.1099999999999994,-0.497512437810943,1431088.0
1231,20250814,22.11,22.12,21.36,21.42,-0.5799999999999983,-2.6363636363636256,1354491.0
1231,20250815,21.58,21.78,21.0,21.16,-0.2600000000000015,-1.2138188608776912,2132338.0
1231,20250818,21.38,21.78,21.25,21.35,0.1900000000000012,0.8979206049149369,2363268.0
1231,20250819,21.36,21.75,21.13,21.73,0.379999999999999,1.7798594847775018,1736511.0
1231,20250820,21.51,21.79,21.5,21.79,0.0599999999999987,0.276115968706847,1480000.0
1231,20250821,21.86,22.11,21.65,22.0,0.2100000000000008,0.9637448370812374,1675490.0
1231,20250822,22.0,22.0,21.19,21.41,-0.5899999999999999,-2.681818181818185,1809300.0
1231,20250825,21.5,21.7,21.23,21.3,-0.1099999999999994,-0.5137786081270357,2202088.0
1231,20250826,21.2,21.95,21.06,21.7,0.3999999999999986,1.877934272300452,2079100.0
1231,20250827,21.7,21.85,20.8,20.8,-0.8999999999999986,-4.147465437788012,2386939.0
1231,20250828,20.7,21.3,19.55,20.4,-0.4000000000000021,-1.9230769230769384,3470739.0
1231,20250829,20.14,20.7,20.14,20.42,0.0200000000000031,0.0980392156862963,2230600.0
1231,20250901,20.36,21.0,20.21,20.64,0.2199999999999988,1.0773751224289807,2379339.0
1231,20250902,20.64,20.77,19.9,20.41,-0.2300000000000004,-1.1143410852713198,1751500.0
1231,20250903,20.57,20.65,19.8,19.92,-0.4899999999999984,-2.4007839294463373,1363000.0
1231,20250904,19.87,20.7,19.87,20.3,0.379999999999999,1.907630522088355,1985100.0
1231,20250905,20.39,20.79,20.16,20.48,0.1799999999999997,0.8866995073891548,1461915.0
1231,20250908,20.45,21.08,20.22,20.97,0.4899999999999984,2.392578125,1578991.0
1231,20250909,20.99,21.23,20.72,20.9,-0.0700000000000002,-0.3338102050548408,1196588.0
1231,20250910,21.05,21.12,20.77,21.04,0.1400000000000005,0.6698564593301537,933300.0
1231,20250911,21.09,21.13,20.71,21.07,0.0300000000000011,0.1425855513307983,953800.0
1231,20250912,21.12,21.25,20.85,21.05,-0.0199999999999995,-0.0949216896060756,933300.0
1231,20250915,21.09,21.1,20.67,20.82,-0.2300000000000004,-1.092636579572448,1675388.0
1231,20250916,20.91,21.38,20.69,21.18,0.3599999999999994,1.729106628242083,1422000.0
1231,20250917,21.16,21.35,20.9,20.98,-0.1999999999999993,-0.9442870632672352,984500.0
1231,20250918,21.18,21.18,20.18,20.49,-0.490000000000002,-2.3355576739752193,1824900.0
1231,20250919,20.49,20.6,20.08,20.49,0.0,0.0,1197200.0
1231,20250922,20.38,20.54,20.0,20.2,-0.2899999999999991,-1.4153245485602706,1016100.0
1231,20250923,20.1,20.2,18.76,19.68,-0.5199999999999996,-2.5742574257425765,2286529.0
1231,20250924,19.6,20.3,19.59,20.19,0.5100000000000016,2.5914634146341653,1672400.0
1231,20250925,20.19,20.45,19.88,19.96,-0.2300000000000004,-1.1391778107974315,1380692.0
1231,20250926,19.83,20.38,19.77,20.19,0.2300000000000004,1.1523046092184464,1582400.0
1231,20250929,20.2,20.58,19.82,20.54,0.3499999999999978,1.733531451213466,1546300.0
1231,20250930,20.55,20.98,20.5,20.84,0.3000000000000007,1.4605647517039966,1371500.0
1231,20251009,20.84,21.0,20.5,20.63,-0.2100000000000008,-1.0076775431861806,1814088.0
1231,20251010,20.7,21.35,20.46,20.73,0.1000000000000014,0.4847309743092554,2093388.0
1231,20251013,20.34,20.85,19.45,20.6,-0.129999999999999,-0.6271104679208883,2261000.0
1231,20251014,20.76,20.87,20.41,20.7,0.0999999999999978,0.4854368932038833,1130200.0
1231,20251015,20.64,20.98,20.49,20.83,0.129999999999999,0.6280193236714915,1286792.0
1231,20251016,20.85,20.96,20.4,20.47,-0.3599999999999994,-1.728276524243877,997500.0
1231,20251017,20.47,20.8,20.24,20.37,-0.0999999999999978,-0.488519785051289,1195900.0
1231,20251020,20.51,20.77,20.44,20.76,0.3900000000000005,1.9145802650957224,1166500.0
1231,20251021,20.69,21.22,20.62,21.16,0.3999999999999986,1.9267822736030784,1049200.0
1231,20251022,21.15,21.51,21.05,21.42,0.2600000000000015,1.2287334593572783,1187225.0
1231,20251023,21.36,23.56,21.05,23.56,2.139999999999997,9.990662931839388,2852680.0
1231,20251024,23.12,25.92,22.1,25.92,2.360000000000003,10.016977928692716,11450848.0
1231,20251027,25.66,28.51,23.75,28.51,2.59,9.992283950617288,17208748.0
1231,20251028,29.79,29.88,25.66,25.66,-2.8500000000000014,-9.9964924587864,17005552.0
1231,20251029,23.4,24.93,23.3,23.62,-2.039999999999999,-7.950116913484018,12900438.0
1231,20251030,22.84,23.37,22.35,22.69,-0.9299999999999996,-3.937341236240477,9284095.0
1231,20251031,22.4,22.99,22.3,22.54,-0.1500000000000021,-0.6610841780520182,5698349.0
1231,20251103,22.74,23.18,22.55,22.97,0.4299999999999997,1.9077196095829585,5373850.0
1231,20251104,22.98,23.17,22.69,23.15,0.1799999999999997,0.7836308228123645,4335428.0
1231,20251105,23.01,23.3,22.72,22.97,-0.1799999999999997,-0.7775377969762354,4224715.0
1231,20251106,22.9,23.09,22.66,23.03,0.0600000000000022,0.2612102742707956,3935161.0
1231,20251107,22.94,23.4,22.6,23.38,0.3499999999999978,1.5197568389057723,4747824.0
1231,20251110,23.42,24.05,23.42,23.87,0.490000000000002,2.095808383233533,6031498.0
1231,20251111,23.88,24.0,23.41,23.7,-0.1700000000000017,-0.712191034771692,4100386.0
1231,20251112,23.73,24.0,23.37,23.98,0.2800000000000011,1.181434599156117,4487888.0
1231,20251113,23.9,24.15,23.74,23.78,-0.1999999999999993,-0.8340283569641338,4072880.0
1231,20251114,23.59,24.25,23.45,24.03,0.25,1.0513036164844447,4135590.0
1231,20251117,24.03,24.4,23.71,23.84,-0.1900000000000012,-0.790678318768212,2858490.0
1231,20251118,23.99,23.99,23.18,23.33,-0.5100000000000016,-2.1392617449664475,3840952.0
1231,20251119,23.34,23.49,22.65,23.04,-0.2899999999999991,-1.243034719245606,3399100.0
1231,20251120,23.05,23.3,22.71,22.8,-0.2399999999999984,-1.041666666666663,2456900.0
1231,20251121,22.58,22.9,21.37,21.49,-1.3100000000000025,-5.745614035087732,2890700.0
1231,20251124,21.71,22.38,21.61,22.17,0.6800000000000033,3.1642624476500902,2814300.0
1231,20251125,22.21,24.14,22.06,22.94,0.7699999999999996,3.47316193053675,4274792.0
1231,20251126,22.76,23.28,22.31,22.44,-0.5,-2.1795989537925053,3256058.0
1231,20251127,22.44,22.94,21.9,22.66,0.2199999999999988,0.9803921568627416,2276925.0
1231,20251128,22.73,22.9,22.45,22.89,0.2300000000000004,1.015004413062659,1671800.0
1231,20251201,22.89,23.7,22.81,23.35,0.4600000000000008,2.00961118392311,3177900.0
1231,20251202,23.42,23.88,22.96,23.39,0.0399999999999991,0.1713062098501083,2812751.0
1231,20251203,23.29,23.69,22.82,23.16,-0.2300000000000004,-0.98332620778111,2416200.0
1231,20251204,23.0,23.15,22.62,22.79,-0.370000000000001,-1.5975820379965475,2272700.0
1231,20251205,22.77,23.4,22.51,23.18,0.3900000000000005,1.7112768758227317,2102500.0
1231,20251208,23.19,25.5,23.04,23.85,0.6700000000000017,2.890422778257129,10404395.0
1231,20251209,23.56,23.74,22.82,22.95,-0.9000000000000021,-3.773584905660387,7263000.0
1231,20251210,23.01,23.25,22.4,22.42,-0.5299999999999976,-2.3093681917211173,3927873.0
1231,20251211,22.42,22.54,21.65,21.73,-0.6900000000000013,-3.0776092774308705,3240700.0
1231,20251212,21.74,21.98,21.31,21.31,-0.4200000000000017,-1.9328117809480072,2187300.0
1231,20251215,21.13,21.48,20.92,21.3,-0.009999999999998,-0.0469263256686947,2096200.0
1231,20251216,21.27,21.27,20.66,20.68,-0.620000000000001,-2.9107981220657275,1770800.0
1231,20251217,20.85,20.89,20.23,20.71,0.0300000000000011,0.1450676982591936,1822600.0
1231,20251218,20.71,21.41,20.6,21.19,0.4800000000000004,2.3177209077740235,2479700.0
1231,20251219,21.21,21.8,21.18,21.76,0.5700000000000003,2.6899480887210947,1995600.0
1231,20251222,21.96,21.96,21.58,21.6,-0.1600000000000001,-0.7352941176470562,1506900.0
1231,20251223,21.55,21.91,21.41,21.71,0.1099999999999994,0.5092592592592649,1803000.0
1231,20251224,21.71,22.0,21.63,21.87,0.1600000000000001,0.7369875633348677,1442446.0
1231,20251225,22.0,22.26,21.65,22.26,0.3900000000000005,1.7832647462277196,1820600.0
1231,20251226,22.28,22.5,22.02,22.41,0.1499999999999985,0.6738544474393482,2233346.0
1231,20251229,22.35,22.77,22.18,22.72,0.3099999999999987,1.3833110218652411,2564100.0
1231,20251230,22.8,22.8,22.41,22.67,-0.0499999999999971,-0.2200704225352012,1819746.0
1231,20251231,22.76,24.94,22.3,24.94,2.2699999999999996,10.013233348037057,9266800.0
1231,20260105,25.0,27.43,24.94,27.43,2.4899999999999984,9.983961507618266,9948200.0
1231,20260106,28.9,30.17,28.88,30.17,2.740000000000002,9.989063069631786,11813721.0
1231,20260107,27.15,28.21,27.15,27.15,-3.020000000000003,-10.009943652635078,11185568.0
1231,20260108,26.43,27.06,24.48,26.78,-0.3699999999999974,-1.3627992633517438,19210000.0
1231,20260109,25.19,25.57,24.78,25.2,-1.5800000000000018,-5.899925317401056,12010590.0
1231,20260112,24.9,24.98,24.36,24.73,-0.4699999999999988,-1.8650793650793585,9498844.0
1231,20260113,24.57,24.79,24.2,24.68,-0.0500000000000007,-0.2021835826930829,6510654.0
1231,20260114,24.55,24.66,24.21,24.44,-0.2399999999999984,-0.9724473257698428,6369954.0
1231,20260115,24.44,24.77,24.27,24.75,0.3099999999999987,1.2684124386251885,5939900.0
1231,20260116,24.75,24.75,24.25,24.35,-0.3999999999999986,-1.6161616161616157,4303388.0
1231,20260119,24.45,24.99,24.27,24.99,0.639999999999997,2.6283367556467985,5350246.0
1231,20260120,24.98,24.99,24.5,24.76,-0.2299999999999968,-0.9203681472588876,3766030.0
1231,20260121,24.52,24.64,24.0,24.63,-0.1300000000000025,-0.5250403877221421,3292200.0
1231,20260122,24.51,24.73,24.41,24.65,0.0199999999999995,0.0812017864392888,2526233.0
1231,20260123,24.65,24.76,24.42,24.72,0.0700000000000002,0.2839756592292186,3346361.0
1231,20260126,24.73,25.47,24.37,25.01,0.2900000000000027,1.1731391585760642,6026643.0
1231,20260127,24.78,24.9,23.7,24.17,-0.8399999999999999,-3.3586565373850408,4308500.0
1231,20260128,24.16,24.33,23.89,23.92,-0.25,-1.0343400910219236,2380000.0
1231,20260129,23.8,24.34,23.52,23.86,-0.0600000000000022,-0.2508361204013432,2582100.0
1231,20260130,23.79,25.25,23.76,24.97,1.1099999999999994,4.652137468566631,8178231.0
1231,20260202,24.9,25.15,24.21,24.28,-0.6899999999999977,-2.763315979174996,4348400.0
1231,20260203,24.38,24.75,24.06,24.75,0.4699999999999988,1.93574958813838,3263700.0
1231,20260204,24.98,25.3,24.64,24.75,0.0,0.0,4777800.0
1231,20260205,24.69,25.06,24.58,24.85,0.1000000000000014,0.4040404040404066,3284567.0
1231,20260206,24.59,25.36,24.56,25.07,0.2199999999999988,0.8853118712273567,4024600.0
1231,20260209,25.07,25.52,25.01,25.42,0.3500000000000014,1.3960909453530237,4467600.0
1231,20260210,25.45,25.5,25.11,25.15,-0.2700000000000031,-1.062155782848162,2518000.0
1231,20260211,25.18,27.4,25.0,25.78,0.6300000000000026,2.504970178926458,8018787.0
1231,20260212,25.72,25.78,25.28,25.44,-0.3399999999999998,-1.318851823118694,4326221.0
1231,20260213,25.25,25.83,25.1,25.2,-0.240000000000002,-0.9433962264151052,2699542.0
1231,20260224,25.56,25.98,25.25,25.97,0.7699999999999996,3.0555555555555447,3605900.0
1231,20260225,25.93,26.71,25.93,26.34,0.370000000000001,1.4247208317289315,3732640.0
1231,20260226,26.34,26.55,25.8,25.96,-0.379999999999999,-1.4426727410781992,3744500.0
1231,20260227,26.0,26.03,25.65,25.99,0.0299999999999975,0.1155624036979885,2577481.0
1231,20260302,25.53,25.93,24.71,25.2,-0.7899999999999991,-3.039630627164291,3808730.0
1231,20260303,25.32,25.4,24.31,24.4,-0.8000000000000007,-3.1746031746031744,2889960.0
1231,20260304,24.23,24.66,23.9,24.44,0.0400000000000027,0.1639344262295283,2394660.0
1231,20260305,24.86,24.89,24.23,24.43,-0.0100000000000015,-0.0409165302782343,2156580.0
1231,20260306,24.3,25.72,24.18,25.56,1.129999999999999,4.625460499385992,3809200.0
1231,20260309,25.55,25.84,24.96,25.27,-0.2899999999999991,-1.1345852895148667,2778371.0
1231,20260310,25.38,25.84,25.21,25.81,0.5399999999999991,2.13692125049465,1972900.0
1231,20260311,25.96,25.98,25.38,25.56,-0.25,-0.9686168151879172,1937100.0
1231,20260312,25.57,25.71,24.9,24.98,-0.5799999999999983,-2.2691705790297223,2121200.0
1231,20260313,25.0,25.75,24.86,25.38,0.3999999999999986,1.601281024819845,2557600.0
1231,20260316,25.53,25.97,25.05,25.35,-0.0299999999999975,-0.118203309692666,2413500.0
1231,20260317,25.35,25.59,24.65,24.67,-0.6799999999999997,-2.6824457593688344,1848600.0
1231,20260318,24.85,24.85,24.27,24.75,0.0799999999999983,0.3242805026347772,1681100.0
1231,20260319,24.72,24.72,23.61,23.77,-0.9800000000000004,-3.959595959595963,2103400.0
1231,20260320,23.85,23.99,22.82,22.82,-0.9499999999999992,-3.996634413125788,2082400.0
